name,email,company,verification
Data Analyst101,dataanalysts101@gmail.com,,true
professor kakani,professorkakani@gmail.com,,true
Shady Cr,crshady5@gmail.com,,true
Amal Das,valardohaen@gmail.com,,true
Test Bench,testbench88@gmail.com,,true
Amal Das,rhaegal6666@gmail.com,,true
dev s,ds1611148@gmail.com,,true
Deva Deva,devadeva280402@gmail.com,,true
Amal Das,amaldas0812@gmail.com,,true
kishor kishor,kishoramulraj@gmail.com,,true